game_title,game_url,created_at,platforms,platforms_numeric,engine,engine_numeric,coolness,rating_count,comments_received,comments_posted,participant,profile_url,member_since,posts,topics,followers,following
.....,https://itch.io/jam/gdko-2025-round-1/rate/3216814,2025-01-03 15:12:03,,0,unity,16,0,9,3,0,enn98,https://itch.io/profile/enn98,08 November 2023,18,,6,8
A train where there are no problems,https://itch.io/jam/gdko-2025-round-1/rate/3234822,2025-01-11 09:54:09,web,8,unity,16,39,29,22,37,semon111,https://itch.io/profile/semon111,21 October 2022,51,,10,10
ARROW DEFENDER,https://itch.io/jam/gdko-2025-round-1/rate/3227709,2025-01-10 22:16:47,web,8,unity,16,5,19,11,5,idanr,https://itch.io/profile/idanr,13 November 2022,25,,4,
Abyss Delver,https://itch.io/jam/gdko-2025-round-1/rate/3237979,2025-01-12 04:40:36,web,8,unity,16,1,15,5,0,aries-drakon,https://itch.io/profile/aries-drakon,18 March 2024,202,12,5,1
Alien Armada,https://itch.io/jam/gdko-2025-round-1/rate/3224216,2025-01-05 15:13:07,web,8,construct,0,1,17,15,6,kirkclarke,https://itch.io/profile/kirkclarke,14 January 2022,85,,19,
Alien Chill Guy Journey,https://itch.io/jam/gdko-2025-round-1/rate/3233799,2025-01-10 00:37:34,web,8,gdevelop,4,15,19,11,0,totdy,https://itch.io/profile/totdy,22 June 2019,19,,7,34
All in,https://itch.io/jam/gdko-2025-round-1/rate/3243224,2025-01-13 23:10:39,web,8,unity,16,21,27,21,20,mog13,https://itch.io/profile/mog13,13 September 2020,49,1,18,1
Arena,https://itch.io/jam/gdko-2025-round-1/rate/3243037,2025-01-13 21:34:47,windows-linux,6,godot,5,3,7,4,0,kurnias,https://itch.io/profile/kurnias,17 December 2020,4,,8,13
Ashen Horizon,https://itch.io/jam/gdko-2025-round-1/rate/3242097,2025-01-13 12:52:03,windows,4,unreal engine,17,9,6,4,2,xyz3,https://itch.io/profile/xyz3,30 December 2024,4,,,1
BILLOON,https://itch.io/jam/gdko-2025-round-1/rate/3238724,2025-01-12 20:16:32,windows-web,12,unity,16,19,20,12,18,krafter,https://itch.io/profile/krafter,10 September 2015,194,6,22,17
Backpack Bug Bash,https://itch.io/jam/gdko-2025-round-1/rate/3242078,2025-01-13 23:41:22,web,8,godot,5,26,40,30,21,loten,https://itch.io/profile/loten,12 February 2019,200,,21,7
Baldies Farm,https://itch.io/jam/gdko-2025-round-1/rate/3234541,2025-01-10 11:10:51,web,8,gdevelop,4,0,18,8,0,ricotv,https://itch.io/profile/ricotv,21 March 2021,"1,142",14,26,17
Bamboo Panda Punch,https://itch.io/jam/gdko-2025-round-1/rate/3242741,2025-01-13 22:33:04,web,8,construct,0,0,16,7,0,projectpaddy,https://itch.io/profile/projectpaddy,24 November 2020,182,4,23,217
Basketball Breakout 3D,https://itch.io/jam/gdko-2025-round-1/rate/3243097,2025-01-13 23:54:13,web,8,godot,5,19,27,11,19,rburing,https://itch.io/profile/rburing,13 March 2020,40,,8,
Beyond Everest,https://itch.io/jam/gdko-2025-round-1/rate/3227227,2025-01-07 16:47:21,windows,4,godot,5,1,7,5,0,realm-studio,https://itch.io/profile/realm-studio,30 December 2024,1,,,
Billy world!,https://itch.io/jam/gdko-2025-round-1/rate/3220844,2025-01-13 15:04:18,windows-web,12,unity,16,29,35,25,24,proudani,https://itch.io/profile/proudani,27 February 2021,34,1,2,
Blade of Reversal (Round 1),https://itch.io/jam/gdko-2025-round-1/rate/3229152,2025-01-13 20:35:55,,0,unity,16,140,25,23,141,benim-swe,https://itch.io/profile/benim-swe,23 August 2021,313,1,5,1
Blocky Arena,https://itch.io/jam/gdko-2025-round-1/rate/3230746,2025-01-08 18:29:20,web,8,unity,16,5,18,11,1,1616161660,https://itch.io/profile/1616161660,07 April 2021,11,,1,
Bright Echoes,https://itch.io/jam/gdko-2025-round-1/rate/3239670,2025-01-12 13:58:03,windows,4,unity,16,0,6,3,0,niko-again,https://itch.io/profile/niko-again,09 November 2022,4,,,18
Build-A-Bot Tower Defense,https://itch.io/jam/gdko-2025-round-1/rate/3243361,2025-01-13 23:58:14,windows,4,godot,5,4,6,2,0,toggytokyo,https://itch.io/profile/toggytokyo,10 February 2017,4,,,
CATrithmetic LITTERature,https://itch.io/jam/gdko-2025-round-1/rate/3243141,2025-01-13 22:17:17,web,8,godot,5,14,18,12,11,spoonsweet,https://itch.io/profile/spoonsweet,09 April 2020,981,5,157,71
Cabin in the Forest,https://itch.io/jam/gdko-2025-round-1/rate/3241640,2025-01-13 08:06:06,web,8,plain javascript / html,11,8,15,10,0,bowjay,https://itch.io/profile/bowjay,09 June 2024,5,,4,
Cafe Jam,https://itch.io/jam/gdko-2025-round-1/rate/3230500,2025-01-13 09:29:53,web,8,godot,5,0,15,8,0,samncheese,https://itch.io/profile/samncheese,27 December 2024,2,,,
Capture and Solve,https://itch.io/jam/gdko-2025-round-1/rate/3243278,2025-01-13 23:38:25,web,8,unity,16,3,14,8,3,kev-s,https://itch.io/profile/kev-s,06 August 2023,7,,3,1
Cast About,https://itch.io/jam/gdko-2025-round-1/rate/3231544,2025-01-13 00:23:12,web,8,godot,5,0,16,12,0,oscail,https://itch.io/profile/oscail,04 August 2019,34,,18,3
Cemetery Hoarders,https://itch.io/jam/gdko-2025-round-1/rate/3243126,2025-01-13 23:43:24,web,8,unity,16,14,16,12,5,renanvieira,https://itch.io/profile/renanvieira,12 December 2016,45,2,53,42
ChopCraft,https://itch.io/jam/gdko-2025-round-1/rate/3149833,2025-01-13 23:41:19,windows,4,godot,5,39,10,8,31,shegi-4,https://itch.io/profile/shegi-4,01 December 2024,43,,,2
Choppy Stick,https://itch.io/jam/gdko-2025-round-1/rate/3240707,2025-01-12 21:12:24,web,8,godot,5,41,31,19,31,jamesvpog,https://itch.io/profile/jamesvpog,01 January 2025,43,,2,2
City Sweepers,https://itch.io/jam/gdko-2025-round-1/rate/3242842,2025-01-13 19:26:37,web,8,game maker,2,62,49,39,55,3amgames,https://itch.io/profile/3amgames,24 May 2021,191,1,19,22
Coding Puzzles,https://itch.io/jam/gdko-2025-round-1/rate/3237092,2025-01-11 19:30:14,web,8,godot,5,0,16,12,0,dz373,https://itch.io/profile/dz373,16 February 2024,0,,2,
Colour Thief,https://itch.io/jam/gdko-2025-round-1/rate/3230541,2025-01-09 15:15:10,web,8,unity,16,124,29,22,15,deafc4t,https://itch.io/profile/deafc4t,08 January 2024,47,,4,
Cosmic Infinity,https://itch.io/jam/gdko-2025-round-1/rate/3242739,2025-01-13 19:19:54,web,8,unity,16,7,17,10,2,dulsiegames,https://itch.io/profile/dulsiegames,30 July 2024,55,3,2,
Cria.,https://itch.io/jam/gdko-2025-round-1/rate/3243348,2025-01-13 23:51:55,web,8,unity,16,11,14,9,7,lujas,https://itch.io/profile/lujas,04 August 2022,15,,6,2
DIG DEEP,https://itch.io/jam/gdko-2025-round-1/rate/3242022,2025-01-13 12:27:50,web,8,game maker,2,26,35,27,22,potatuetata,https://itch.io/profile/potatuetata,02 December 2018,205,1,18,4
Damsei and Dash,https://itch.io/jam/gdko-2025-round-1/rate/3230685,2025-01-09 22:08:01,web,8,godot,5,0,15,5,0,eubrabo48,https://itch.io/profile/eubrabo48,08 January 2024,4,,3,2
DashDungeon,https://itch.io/jam/gdko-2025-round-1/rate/3240616,2025-01-13 22:22:47,web,8,godot,5,7,15,7,3,shrillshows,https://itch.io/profile/shrillshows,17 January 2024,5,,,
Dead Weight,https://itch.io/jam/gdko-2025-round-1/rate/3237618,2025-01-13 23:15:54,web,8,godot,5,16,21,14,11,sn1ks0h,https://itch.io/profile/sn1ks0h,06 July 2023,43,,3,7
Defender's Horizon,https://itch.io/jam/gdko-2025-round-1/rate/3240582,2025-01-12 21:13:40,windows,4,godot,5,6,6,4,0,flapjack74,https://itch.io/profile/flapjack74,19 December 2022,2,,4,
Demon's Escape,https://itch.io/jam/gdko-2025-round-1/rate/3219724,2025-01-03 07:02:19,,0,game maker,2,0,8,6,0,brennennenn,https://itch.io/profile/brennennenn,01 August 2018,55,12,30,17
Distracted Driver,https://itch.io/jam/gdko-2025-round-1/rate/3243260,2025-01-13 23:24:32,windows,4,unity,16,10,12,10,11,sovereignbagel,https://itch.io/profile/sovereignbagel,15 April 2017,28,3,26,4
Dodgy Dungeon,https://itch.io/jam/gdko-2025-round-1/rate/3243273,2025-01-13 23:23:08,web,8,godot,5,22,18,12,18,sundle,https://itch.io/profile/sundle,18 April 2022,490,38,25,42
Double Trouble,https://itch.io/jam/gdko-2025-round-1/rate/3240261,2025-01-13 17:54:51,,0,godot,5,7,7,5,8,altorion,https://itch.io/profile/altorion,06 July 2023,13,,8,6
Duck of Dock,https://itch.io/jam/gdko-2025-round-1/rate/3241501,2025-01-13 06:22:49,windows-web-osx,13,unity,16,44,17,10,22,archonei,https://itch.io/profile/archonei,14 September 2022,34,,6,
Dung Battles,https://itch.io/jam/gdko-2025-round-1/rate/3226829,2025-01-10 11:38:15,web,8,unity,16,50,60,40,37,elstrawfedora,https://itch.io/profile/elstrawfedora,08 June 2022,86,,13,
Dungeon Duelist,https://itch.io/jam/gdko-2025-round-1/rate/3240148,2025-01-13 21:14:16,web,8,godot,5,16,24,15,9,spookysped,https://itch.io/profile/spookysped,17 February 2024,12,,3,
Echoes of Light 1.0,https://itch.io/jam/gdko-2025-round-1/rate/3243219,2025-01-13 22:44:02,,0,godot,5,0,6,3,0,banan09,https://itch.io/profile/banan09,15 December 2024,2,,2,
Edge And Life,https://itch.io/jam/gdko-2025-round-1/rate/3212111,2025-01-06 16:03:59,,0,game maker,2,0,8,7,0,badoatmeal,https://itch.io/profile/badoatmeal,28 December 2024,5,,3,
Endless Charge,https://itch.io/jam/gdko-2025-round-1/rate/3218383,2025-01-09 14:19:54,web,8,gdevelop,4,210,47,33,55,afuwwan,https://itch.io/profile/afuwwan,20 November 2024,75,1,,4
Endless Power!,https://itch.io/jam/gdko-2025-round-1/rate/3211973,2025-01-01 09:05:33,windows,4,pocket platformer (i suck as game dev),12,0,8,7,0,kingboo-phonepc,https://itch.io/profile/kingboo-phonepc,05 July 2024,29,2,3,1
Experiment 5L7M3,https://itch.io/jam/gdko-2025-round-1/rate/3241246,2025-01-13 02:20:46,web,8,unity,16,6,16,7,8,mardook-stone,https://itch.io/profile/mardook-stone,20 February 2023,44,4,4,
FEED ME.demo,https://itch.io/jam/gdko-2025-round-1/rate/3241529,2025-01-13 14:01:51,,0,game maker,2,0,7,4,0,ashabea,https://itch.io/profile/ashabea,20 April 2023,3,,8,
Farmaggedon,https://itch.io/jam/gdko-2025-round-1/rate/3242502,2025-01-13 16:38:08,windows,4,unity,16,2,7,3,0,wordy-safe,https://itch.io/profile/wordy-safe,12 November 2021,0,,,
Feed the Fire,https://itch.io/jam/gdko-2025-round-1/rate/3221144,2025-01-05 04:14:36,web,8,unity,16,32,29,22,9,halfsmore,https://itch.io/profile/halfsmore,01 August 2022,219,,16,2
FireWiz v1,https://itch.io/jam/gdko-2025-round-1/rate/3233920,2025-01-13 00:03:26,web,8,gdevelop,4,8,15,9,8,noahaslan,https://itch.io/profile/noahaslan,10 July 2020,118,6,8,10
Flower Quest,https://itch.io/jam/gdko-2025-round-1/rate/3240986,2025-01-13 00:15:54,web,8,construct,0,101,38,27,47,simoncb,https://itch.io/profile/simoncb,08 April 2015,203,1,14,10
Fox,https://itch.io/jam/gdko-2025-round-1/rate/3243266,2025-01-13 23:10:24,,0,unreal engine,17,37,10,8,24,manwiththeredhat,https://itch.io/profile/manwiththeredhat,08 November 2024,84,1,3,5
Foxy Farming for Blood,https://itch.io/jam/gdko-2025-round-1/rate/3243279,2025-01-13 23:36:45,web,8,godot,5,77,41,30,75,nickbdawg,https://itch.io/profile/nickbdawg,07 July 2023,434,2,23,7
Franco Prussian Battle!,https://itch.io/jam/gdko-2025-round-1/rate/3243014,2025-01-13 23:36:07,,0,unity,16,0,6,4,1,nicolaswinkler,https://itch.io/profile/nicolaswinkler,25 October 2024,1,,,
GAMER-CHAIRS RACE,https://itch.io/jam/gdko-2025-round-1/rate/3227668,2025-01-07 00:27:49,,0,gdevelop,4,1,7,6,1,mecha176,https://itch.io/profile/mecha176,26 January 2023,6,,2,1
GDKO 2025,https://itch.io/jam/gdko-2025-round-1/rate/3219947,2025-01-03 10:42:49,web,8,construct,0,0,20,13,0,cherry-games,https://itch.io/profile/cherry-games,30 November 2021,54,,2,
GDKO Round 1 Proof of Concept,https://itch.io/jam/gdko-2025-round-1/rate/3223341,2025-01-12 23:13:54,web,8,unity,16,4,17,9,3,garlock009,https://itch.io/profile/garlock009,30 December 2017,31,3,14,42
GDKO2025-R1,https://itch.io/jam/gdko-2025-round-1/rate/3228227,2025-01-13 11:54:24,windows-web,12,godot,5,18,21,15,15,magnusfurcifer,https://itch.io/profile/magnusfurcifer,23 August 2015,315,1,40,12
GDKOSPEEDRUN,https://itch.io/jam/gdko-2025-round-1/rate/3243327,2025-01-13 23:40:46,web,8,godot,5,18,19,10,0,endev3,https://itch.io/profile/endev3,10 December 2023,0,,2,1
Gamba Garden,https://itch.io/jam/gdko-2025-round-1/rate/3243127,2025-01-13 21:57:30,,0,unreal engine,17,1,12,9,1,creative-liberties,https://itch.io/profile/creative-liberties,29 December 2016,29,5,109,17
GangMan,https://itch.io/jam/gdko-2025-round-1/rate/3237411,2025-01-12 09:46:24,web,8,yes,18,0,15,5,0,chel-iz-africa,https://itch.io/profile/chel-iz-africa,24 May 2024,29,,,
Get the Intel (GDKO 2025),https://itch.io/jam/gdko-2025-round-1/rate/3243314,2025-01-13 23:48:18,web,8,game maker,2,0,20,7,0,arsanthania,https://itch.io/profile/arsanthania,12 January 2025,1,,4,1
Ghost Heavy,https://itch.io/jam/gdko-2025-round-1/rate/3224750,2025-01-05 19:27:32,web,8,construct,0,0,16,13,0,clonethirteen,https://itch.io/profile/clonethirteen,29 June 2019,533,20,81,84
Ghost Of Neta,https://itch.io/jam/gdko-2025-round-1/rate/3242045,2025-01-13 22:42:22,,0,unreal engine,17,0,7,3,0,jukgames,https://itch.io/profile/jukgames,06 December 2020,4,,7,1
Gold Burrow,https://itch.io/jam/gdko-2025-round-1/rate/3235249,2025-01-13 23:40:17,web,8,godot,5,8,17,10,8,funkyruben,https://itch.io/profile/funkyruben,09 December 2020,94,,22,31
Gold Rush,https://itch.io/jam/gdko-2025-round-1/rate/3231487,2025-01-09 02:19:50,web,8,game maker,2,0,16,5,0,frontlinestudios,https://itch.io/profile/frontlinestudios,18 December 2024,21,1,11,
Golfing Under Idle,https://itch.io/jam/gdko-2025-round-1/rate/3243345,2025-01-13 23:55:57,web,8,construct,0,4,15,8,2,laespiraloscura,https://itch.io/profile/laespiraloscura,01 November 2020,79,1,35,1
Gravity Experiments,https://itch.io/jam/gdko-2025-round-1/rate/3243318,2025-01-13 23:56:54,web,8,godot,5,0,14,8,0,simplycuriosity,https://itch.io/profile/simplycuriosity,21 August 2023,8,,1,7
Green Thumb,https://itch.io/jam/gdko-2025-round-1/rate/3231907,2025-01-12 19:33:31,web,8,unity,16,50,28,20,41,hermes3d,https://itch.io/profile/hermes3d,14 February 2021,239,,20,44
GridDots with GridBlocks that Block GridDots : GDKO '25,https://itch.io/jam/gdko-2025-round-1/rate/3233709,2025-01-11 02:15:49,windows-osx-linux,7,"i wrote this game using java without any additional libraries or engines while also trying to make it as small as possible.  please view the game page, the game doesnt have a tutorial when you download it",7,16,8,3,8,tucker-slack,https://itch.io/profile/tucker-slack,16 May 2022,68,5,13,6
Ham Runner,https://itch.io/jam/gdko-2025-round-1/rate/3242599,2025-01-13 17:38:06,web,8,godot,5,0,15,9,0,overden,https://itch.io/profile/overden,14 May 2023,266,2,3,1
Hold My Wand GDKO Round 1,https://itch.io/jam/gdko-2025-round-1/rate/3243315,2025-01-13 23:58:29,web,8,construct,0,4,20,13,4,foozlecc,https://itch.io/profile/foozlecc,13 January 2020,229,4,"1,819",50
Homerun Hit,https://itch.io/jam/gdko-2025-round-1/rate/3241039,2025-01-13 00:23:54,web,8,unity,16,8,15,10,7,sleepingforge,https://itch.io/profile/sleepingforge,30 April 2020,20,,6,2
Horns of Valor (GDKO round 1) Prototype,https://itch.io/jam/gdko-2025-round-1/rate/3219838,2025-01-03 09:57:57,windows-web-osx,13,unity,16,5,20,11,7,sourabhk,https://itch.io/profile/sourabhk,29 January 2021,113,10,14,16
I AM SWORD,https://itch.io/jam/gdko-2025-round-1/rate/3243335,2025-01-13 23:55:08,web,8,unity,16,0,19,11,0,teezaboo,https://itch.io/profile/teezaboo,21 July 2023,222,15,11,
Incantation,https://itch.io/jam/gdko-2025-round-1/rate/3243257,2025-01-13 23:53:16,web,8,unity,16,25,15,12,6,rhinobird,https://itch.io/profile/rhinobird,31 March 2021,15,,9,
Inside The Unreal V0.1.4,https://itch.io/jam/gdko-2025-round-1/rate/3218807,2025-01-02 18:40:48,windows-web,12,godot,5,3,15,6,1,lyricsz,https://itch.io/profile/lyricsz,09 December 2023,38,,5,48
Jet-O-Click,https://itch.io/jam/gdko-2025-round-1/rate/3234273,2025-01-12 19:13:28,web,8,unity,16,42,19,14,33,kiritoj22,https://itch.io/profile/kiritoj22,28 December 2024,34,,2,
Jetpack and Alien,https://itch.io/jam/gdko-2025-round-1/rate/3243353,2025-01-13 23:55:23,windows,4,unity,16,4,6,4,0,qbish,https://itch.io/profile/qbish,28 January 2023,0,,1,1
Jump! & Croak!,https://itch.io/jam/gdko-2025-round-1/rate/3242954,2025-01-13 22:19:20,web,8,unity,16,71,41,31,65,smartmagpie,https://itch.io/profile/smartmagpie,31 January 2018,393,1,6,23
Just A Card Game,https://itch.io/jam/gdko-2025-round-1/rate/3239578,2025-01-13 12:43:25,windows-web-osx-linux-android,15,gdevelop,4,15,16,4,4,fredgamedev,https://itch.io/profile/fredgamedev,07 April 2024,89,6,11,19
Keep Breathing,https://itch.io/jam/gdko-2025-round-1/rate/3238127,2025-01-12 11:04:39,windows,4,unreal engine,17,6,7,5,1,jincho,https://itch.io/profile/jincho,31 August 2017,3,,4,1
Kingdoms Of Kins,https://itch.io/jam/gdko-2025-round-1/rate/3220178,2025-01-03 14:04:14,,0,other,9,0,7,4,0,under-life,https://itch.io/profile/under-life,02 November 2024,3,,2,
Laser Beast,https://itch.io/jam/gdko-2025-round-1/rate/3214161,2025-01-12 17:16:24,web,8,unity,16,77,51,40,22,brainfartstudio,https://itch.io/profile/brainfartstudio,20 August 2021,371,3,39,29
Laser Waves,https://itch.io/jam/gdko-2025-round-1/rate/3230820,2025-01-09 06:17:43,windows,4,unreal engine,17,3,14,7,0,ethandriscoll,https://itch.io/profile/ethandriscoll,25 August 2020,5,,,
Law of Distribution,https://itch.io/jam/gdko-2025-round-1/rate/3243276,2025-01-13 23:44:14,web,8,unity,16,9,14,8,5,sirmaax,https://itch.io/profile/sirmaax,17 March 2021,206,,4,2
Let's Get Necky,https://itch.io/jam/gdko-2025-round-1/rate/3243319,2025-01-13 23:48:07,web,8,construct,0,0,16,8,0,marilefabled,https://itch.io/profile/marilefabled,31 July 2021,166,2,14,18
Life of The Party,https://itch.io/jam/gdko-2025-round-1/rate/3225991,2025-01-12 19:18:02,web,8,unity,16,54,26,12,31,lozt22catz,https://itch.io/profile/lozt22catz,15 August 2021,67,1,7,2
Lifes after Death,https://itch.io/jam/gdko-2025-round-1/rate/3242686,2025-01-13 18:31:16,windows,4,game maker,2,0,9,5,0,dicn,https://itch.io/profile/dicn,11 January 2023,5,,1,
Light Ninja,https://itch.io/jam/gdko-2025-round-1/rate/3237288,2025-01-11 20:37:14,,0,unity,16,0,7,5,0,grapple-gamez,https://itch.io/profile/grapple-gamez,19 December 2024,10,2,3,
Light and Shadow,https://itch.io/jam/gdko-2025-round-1/rate/3239349,2025-01-12 11:40:51,web,8,unity,16,7,20,11,1,0xyboxy,https://itch.io/profile/0xyboxy,05 August 2024,20,,8,1
Lightspeed Tower,https://itch.io/jam/gdko-2025-round-1/rate/3241718,2025-01-13 20:04:54,web,8,godot,5,20,21,14,6,smokedsalmon,https://itch.io/profile/smokedsalmon,26 May 2021,19,,6,1
Lil Guy Speedrunning Cards,https://itch.io/jam/gdko-2025-round-1/rate/3220482,2025-01-07 19:01:32,web,8,godot,5,1,30,20,2,shimonkoni,https://itch.io/profile/shimonkoni,12 September 2024,8,,2,7
Lizard Prototype,https://itch.io/jam/gdko-2025-round-1/rate/3241706,2025-01-13 23:36:40,windows,4,unity,16,3,7,4,2,diralf,https://itch.io/profile/diralf,28 April 2013,27,1,7,5
Lone Samurai - Wave Mode Demo,https://itch.io/jam/gdko-2025-round-1/rate/3240182,2025-01-12 17:42:34,windows,4,unreal engine,17,0,7,4,0,omzigizmo,https://itch.io/profile/omzigizmo,19 January 2022,59,5,6,4
Looped - Round One,https://itch.io/jam/gdko-2025-round-1/rate/3241310,2025-01-13 03:18:10,,0,godot,5,0,7,5,0,vai1d,https://itch.io/profile/vai1d,08 July 2020,2,,,1
Lumen et Umbra,https://itch.io/jam/gdko-2025-round-1/rate/3222706,2025-01-05 13:40:00,web,8,godot,5,12,17,5,0,8180e,https://itch.io/profile/8180e,20 July 2024,6,,2,
Magical Metal Cube!,https://itch.io/jam/gdko-2025-round-1/rate/3242816,2025-01-13 19:20:51,web,8,godot,5,8,15,10,3,hullhound,https://itch.io/profile/hullhound,23 August 2021,75,2,7,
Magnet,https://itch.io/jam/gdko-2025-round-1/rate/3240711,2025-01-13 04:08:43,web,8,godot,5,31,26,15,13,novicedevgames,https://itch.io/profile/novicedevgames,01 October 2023,17,,2,2
Make the level,https://itch.io/jam/gdko-2025-round-1/rate/3243344,2025-01-13 23:58:11,web,8,other,9,0,12,4,0,hioooooooo,https://itch.io/profile/hioooooooo,13 January 2025,0,,,
Mathleticus,https://itch.io/jam/gdko-2025-round-1/rate/3243172,2025-01-13 22:39:02,web,8,construct,0,10,32,31,2,featurekreep,https://itch.io/profile/featurekreep,04 December 2017,310,5,"1,458",17
Mean Mia: Fury Rail,https://itch.io/jam/gdko-2025-round-1/rate/3243252,2025-01-13 23:20:34,windows-web,12,unity,16,14,18,11,9,frib,https://itch.io/profile/frib,06 June 2016,304,,14,1
Micro Plant Actions,https://itch.io/jam/gdko-2025-round-1/rate/3242281,2025-01-13 16:20:47,windows-web,12,unity,16,4,15,7,2,jeroengesquiere,https://itch.io/profile/jeroengesquiere,10 March 2022,12,,13,21
Minitroid,https://itch.io/jam/gdko-2025-round-1/rate/3235089,2025-01-11 08:01:13,web,8,phaser,10,35,25,18,7,aerial301,https://itch.io/profile/aerial301,12 November 2022,319,,9,6
Mirror World,https://itch.io/jam/gdko-2025-round-1/rate/3243293,2025-01-13 23:30:14,windows,4,godot,5,0,10,5,0,priatesoftware,https://itch.io/profile/priatesoftware,18 August 2024,0,,1,
Monkey Madness,https://itch.io/jam/gdko-2025-round-1/rate/3099301,2025-01-13 23:50:20,web,8,unity,16,163,39,16,119,6knowledge,https://itch.io/profile/6knowledge,25 March 2022,126,,2,7
Monster Block - GDKO Round 1,https://itch.io/jam/gdko-2025-round-1/rate/3243325,2025-01-13 23:47:09,web,8,godot,5,16,20,11,17,rodrigocard,https://itch.io/profile/rodrigocard,09 May 2018,359,10,34,299
Mountain Adventure,https://itch.io/jam/gdko-2025-round-1/rate/3236511,2025-01-11 11:43:31,web,8,godot,5,4,24,17,0,jackross1977,https://itch.io/profile/jackross1977,11 January 2025,4,,,
Nature dog adventures,https://itch.io/jam/gdko-2025-round-1/rate/3215371,2025-01-04 10:47:23,web,8,dont know,1,0,16,7,0,spikyice,https://itch.io/profile/spikyice,30 December 2024,18,1,1,1
NinjaRunner,https://itch.io/jam/gdko-2025-round-1/rate/3220428,2025-01-03 16:33:35,web,8,godot,5,0,17,8,0,starcrest-studio,https://itch.io/profile/starcrest-studio,18 September 2023,10,,3,13
Not Done Yet...,https://itch.io/jam/gdko-2025-round-1/rate/3224436,2025-01-05 16:54:17,web,8,godot,5,23,18,11,21,forsakenvoid,https://itch.io/profile/forsakenvoid,21 September 2024,90,2,,3
ORION,https://itch.io/jam/gdko-2025-round-1/rate/3237994,2025-01-12 04:53:06,web,8,unity,16,22,19,10,21,gap8,https://itch.io/profile/gap8,21 July 2023,28,,,1
Office Smasher [Early Concept],https://itch.io/jam/gdko-2025-round-1/rate/3241532,2025-01-13 07:15:02,web,8,godot,5,0,16,6,0,n3wtworldorder,https://itch.io/profile/n3wtworldorder,08 December 2020,22,,5,2
One Eye Rocket Samurai,https://itch.io/jam/gdko-2025-round-1/rate/3229562,2025-01-10 02:35:16,web,8,unity,16,0,18,8,0,edeev,https://itch.io/profile/edeev,12 May 2023,56,3,7,2
PEMDAS,https://itch.io/jam/gdko-2025-round-1/rate/3230506,2025-01-13 17:07:14,web,8,construct,0,82,33,22,82,mess3,https://itch.io/profile/mess3,06 June 2020,165,2,3,1
Paint Rush (2),https://itch.io/jam/gdko-2025-round-1/rate/3231709,2025-01-12 18:38:49,web,8,unity,16,0,15,10,1,mrdoctorb,https://itch.io/profile/mrdoctorb,28 August 2020,4,,2,1
Pebble Proof,https://itch.io/jam/gdko-2025-round-1/rate/3242480,2025-01-13 19:20:45,web,8,godot,5,17,24,14,13,floofdoctor,https://itch.io/profile/floofdoctor,22 November 2023,24,,11,2
Penrose's Universes,https://itch.io/jam/gdko-2025-round-1/rate/3220857,2025-01-03 20:33:22,windows-web-linux,14,godot,5,59,26,18,0,zelestial,https://itch.io/profile/zelestial,06 April 2017,31,,4,
Pew Pew Boss Game,https://itch.io/jam/gdko-2025-round-1/rate/3243169,2025-01-13 23:59:09,web,8,godot,5,5,16,11,0,thetruetrickster,https://itch.io/profile/thetruetrickster,07 September 2024,4,,3,2
Pigeon Panic,https://itch.io/jam/gdko-2025-round-1/rate/3219704,2025-01-08 03:19:24,web,8,gdevelop,4,10,34,24,0,slimegetem,https://itch.io/profile/slimegetem,01 August 2022,2,1,3,
PiggiesElements,https://itch.io/jam/gdko-2025-round-1/rate/3242767,2025-01-13 19:45:06,web,8,unity,16,6,16,10,6,dadaft,https://itch.io/profile/dadaft,02 July 2023,18,,3,
Place and Leap,https://itch.io/jam/gdko-2025-round-1/rate/3230447,2025-01-13 16:55:19,web,8,construct,0,12,18,10,9,drillmonttv,https://itch.io/profile/drillmonttv,09 February 2024,49,3,6,14
PoGO,https://itch.io/jam/gdko-2025-round-1/rate/3243333,2025-01-13 23:53:50,web,8,unity,16,4,14,6,4,breadward2005,https://itch.io/profile/breadward2005,05 October 2020,18,,5,
Poker Pantry,https://itch.io/jam/gdko-2025-round-1/rate/3242702,2025-01-13 18:30:49,web,8,godot,5,17,24,19,13,brentjeskip,https://itch.io/profile/brentjeskip,11 October 2021,154,,2,
Polar Rush,https://itch.io/jam/gdko-2025-round-1/rate/3237500,2025-01-11 21:38:00,web,8,unity,16,108,22,15,0,halamdev,https://itch.io/profile/halamdev,18 December 2020,62,5,13,6
Press 'Space' to Die,https://itch.io/jam/gdko-2025-round-1/rate/3237649,2025-01-13 23:20:18,web,8,godot,5,20,36,24,19,nahtgud,https://itch.io/profile/nahtgud,12 December 2024,55,,1,
Project Lurk,https://itch.io/jam/gdko-2025-round-1/rate/3243269,2025-01-13 23:22:40,web,8,unity,16,9,17,11,7,strike-the-rust,https://itch.io/profile/strike-the-rust,29 December 2024,12,,1,
Project Spackle,https://itch.io/jam/gdko-2025-round-1/rate/3233297,2025-01-09 20:01:00,windows-web-linux,14,godot,5,24,47,35,20,nitramiuz,https://itch.io/profile/nitramiuz,17 July 2018,834,1,200,7
Psycho Geist,https://itch.io/jam/gdko-2025-round-1/rate/3236194,2025-01-11 07:26:54,web,8,godot,5,204,63,40,202,dev-pirates,https://itch.io/profile/dev-pirates,30 June 2016,882,1,21,23
Pumpkin Fury,https://itch.io/jam/gdko-2025-round-1/rate/3242484,2025-01-13 23:43:20,web,8,unity,16,23,26,19,25,terrintin,https://itch.io/profile/terrintin,03 January 2024,68,,4,
Pyramid Shift,https://itch.io/jam/gdko-2025-round-1/rate/3221938,2025-01-04 12:03:58,web,8,gdevelop,4,0,17,11,0,anishjk-india,https://itch.io/profile/anishjk-india,15 March 2024,40,4,1,2
Retail Rush - GDKO R1 2025,https://itch.io/jam/gdko-2025-round-1/rate/3215729,2025-01-11 11:37:50,web,8,godot,5,36,29,23,35,just-a-mooshroom,https://itch.io/profile/just-a-mooshroom,31 August 2022,217,,11,26
Rift of Mine,https://itch.io/jam/gdko-2025-round-1/rate/3226770,2025-01-12 06:28:06,windows-web,12,construct,0,20,40,24,15,spookyman999,https://itch.io/profile/spookyman999,12 November 2022,358,4,22,10
Rock Paper Scissors Minus One,https://itch.io/jam/gdko-2025-round-1/rate/3235674,2025-01-10 23:47:27,web,8,construct,0,0,20,8,0,playflashgames,https://itch.io/profile/playflashgames,24 October 2018,72,2,10,1
Rockuelike,https://itch.io/jam/gdko-2025-round-1/rate/3237795,2025-01-13 21:36:52,web,8,unity,16,210,37,26,59,minjutin,https://itch.io/profile/minjutin,17 December 2020,126,,49,22
Rouler Bouler,https://itch.io/jam/gdko-2025-round-1/rate/3242455,2025-01-13 16:23:32,web,8,godot,5,27,17,12,21,jonqs,https://itch.io/profile/jonqs,29 March 2016,242,1,11,4
Rubber Duck Odyssey,https://itch.io/jam/gdko-2025-round-1/rate/3235362,2025-01-10 19:40:26,,0,unity,16,2,4,1,0,mastermindstoner,https://itch.io/profile/mastermindstoner,17 December 2024,1,,,
Rubber Ducky!,https://itch.io/jam/gdko-2025-round-1/rate/3222129,2025-01-04 14:14:47,web,8,godot,5,28,35,25,20,aaronthegoofy,https://itch.io/profile/aaronthegoofy,11 November 2024,82,1,10,1
Rubber Ninja,https://itch.io/jam/gdko-2025-round-1/rate/3241545,2025-01-13 07:06:29,web,8,game maker,2,13,17,11,8,paintedmonk7,https://itch.io/profile/paintedmonk7,21 September 2017,12,,6,7
SKELETALBOUND,https://itch.io/jam/gdko-2025-round-1/rate/3242020,2025-01-13 12:46:29,web,8,godot,5,0,15,6,0,the-great-omrar,https://itch.io/profile/the-great-omrar,27 May 2022,7,,2,2
Sacrifice,https://itch.io/jam/gdko-2025-round-1/rate/3219330,2025-01-07 01:00:15,web,8,unity,16,9,35,24,7,evengy,https://itch.io/profile/evengy,15 April 2021,101,,36,6
Scarlett Scissors,https://itch.io/jam/gdko-2025-round-1/rate/2450433,2025-01-13 05:55:13,web,8,construct,0,6,22,12,6,zedrick1435167gmailcom,https://itch.io/profile/zedrick1435167gmailcom,23 June 2020,"1,506",51,101,6
ShapeSweeper,https://itch.io/jam/gdko-2025-round-1/rate/3237087,2025-01-11 19:00:24,web,8,unity,16,46,17,12,16,patrikhomola,https://itch.io/profile/patrikhomola,25 January 2021,36,,4,2
Shapes and Stuff,https://itch.io/jam/gdko-2025-round-1/rate/3242252,2025-01-13 15:58:01,windows,4,game maker,2,23,12,8,22,himynameischambo,https://itch.io/profile/himynameischambo,15 October 2024,33,,,3
Shift Shape,https://itch.io/jam/gdko-2025-round-1/rate/3242106,2025-01-13 13:23:28,web,8,game maker,2,14,34,25,13,joszs,https://itch.io/profile/joszs,19 January 2016,123,,125,54
Shoot N' Dash,https://itch.io/jam/gdko-2025-round-1/rate/3243265,2025-01-13 23:19:19,windows-web,12,godot,5,9,16,11,10,cosmosgamer,https://itch.io/profile/cosmosgamer,17 June 2022,100,3,1,
Shoot n' Scoot,https://itch.io/jam/gdko-2025-round-1/rate/3235909,2025-01-13 19:54:30,web,8,godot,5,15,17,11,5,magicalmcboss,https://itch.io/profile/magicalmcboss,16 November 2021,42,2,4,2
Simulated Desktop,https://itch.io/jam/gdko-2025-round-1/rate/3241514,2025-01-13 06:38:05,windows-osx-linux,7,godot,5,26,9,6,5,treefire33,https://itch.io/profile/treefire33,23 December 2019,115,9,10,11
SkeletonSwarm,https://itch.io/jam/gdko-2025-round-1/rate/3243328,2025-01-13 23:56:47,web,8,unity,16,0,14,6,0,joymagine,https://itch.io/profile/joymagine,04 April 2022,114,6,10,42
Skyline Rush - GDKO 2025 Submission,https://itch.io/jam/gdko-2025-round-1/rate/3242446,2025-01-13 23:45:12,windows-web,12,godot,5,0,15,10,3,fallforth,https://itch.io/profile/fallforth,13 September 2024,9,,,
Snake Robbery,https://itch.io/jam/gdko-2025-round-1/rate/3242531,2025-01-13 17:12:09,web,8,unity,16,19,16,6,10,utaszane,https://itch.io/profile/utaszane,28 October 2024,13,,,
SnakeGame,https://itch.io/jam/gdko-2025-round-1/rate/3224250,2025-01-05 15:15:31,windows,4,unity,16,0,6,4,0,actualmallard,https://itch.io/profile/actualmallard,19 June 2023,1,,2,
Snakenoid,https://itch.io/jam/gdko-2025-round-1/rate/3234712,2025-01-12 15:58:48,web,8,unity,16,2,15,7,0,mooltidude,https://itch.io/profile/mooltidude,06 November 2021,6,,5,5
Soul grabber --- GDKO round 1 submission,https://itch.io/jam/gdko-2025-round-1/rate/3237310,2025-01-11 20:07:54,web,8,turbowarp,15,1,18,11,0,flamekeeper700,https://itch.io/profile/flamekeeper700,09 March 2024,21,,6,2
Space Crab Psycho,https://itch.io/jam/gdko-2025-round-1/rate/3241510,2025-01-13 07:10:28,web,8,unity,16,0,15,8,0,waifugames,https://itch.io/profile/waifugames,13 January 2025,0,,4,
Space Hunter,https://itch.io/jam/gdko-2025-round-1/rate/3238148,2025-01-12 06:29:32,web,8,gdevelop,4,28,15,8,25,cardvark,https://itch.io/profile/cardvark,05 January 2022,272,5,10,6
Spark Jump,https://itch.io/jam/gdko-2025-round-1/rate/3235956,2025-01-13 05:45:50,web,8,unity,16,10,17,13,10,tenifayiga,https://itch.io/profile/tenifayiga,03 December 2018,103,1,7,1
Spell Forged,https://itch.io/jam/gdko-2025-round-1/rate/3242638,2025-01-13 23:57:05,web,8,unity,16,9,15,4,0,popdog7,https://itch.io/profile/popdog7,18 January 2019,0,,1,
Squares,https://itch.io/jam/gdko-2025-round-1/rate/3243043,2025-01-13 22:02:45,web,8,construct,0,1,16,8,0,ferer,https://itch.io/profile/ferer,16 July 2020,2,,3,1
Sssacrificesss,https://itch.io/jam/gdko-2025-round-1/rate/3240704,2025-01-12 23:35:08,web,8,unity,16,16,16,12,2,octaviusrex,https://itch.io/profile/octaviusrex,24 June 2024,14,,3,1
Star Slingers,https://itch.io/jam/gdko-2025-round-1/rate/3243176,2025-01-13 22:36:24,web,8,godot,5,14,16,9,4,rupert1404,https://itch.io/profile/rupert1404,27 July 2020,6,,4,
Stealth [and Robots],https://itch.io/jam/gdko-2025-round-1/rate/3222418,2025-01-13 00:08:25,web,8,godot,5,21,20,13,7,sijilum,https://itch.io/profile/sijilum,13 May 2020,137,,48,10
StoneBorne,https://itch.io/jam/gdko-2025-round-1/rate/3242611,2025-01-13 18:24:48,web,8,construct,0,17,18,10,16,gamefavorites,https://itch.io/profile/gamefavorites,07 January 2022,912,13,35,15
Stratium,https://itch.io/jam/gdko-2025-round-1/rate/3242359,2025-01-13 15:50:20,,0,stratium (completely custom engine made from scratch during jam),14,3,12,9,1,sea-tiger,https://itch.io/profile/sea-tiger,19 December 2020,30,3,5,
Street Race,https://itch.io/jam/gdko-2025-round-1/rate/3242709,2025-01-13 21:24:35,windows-web,12,unity,16,0,15,7,9,not-cotton-ball,https://itch.io/profile/not-cotton-ball,06 August 2020,29,,12,12
Super Cube,https://itch.io/jam/gdko-2025-round-1/rate/3228054,2025-01-07 07:01:35,windows-web-linux,14,godot,5,39,35,19,18,davidcabrera,https://itch.io/profile/davidcabrera,22 September 2021,26,1,10,23
Survive:Zombie Wave,https://itch.io/jam/gdko-2025-round-1/rate/3228145,2025-01-07 08:25:59,windows-web,12,unity,16,0,15,6,0,wbhlietue,https://itch.io/profile/wbhlietue,01 December 2020,16,10,10,4
T-minus Ten Seconds,https://itch.io/jam/gdko-2025-round-1/rate/3241000,2025-01-12 23:55:44,web,8,game maker,2,45,25,16,41,h4zm4tt,https://itch.io/profile/h4zm4tt,21 October 2022,300,,13,6
TASK_01 DRPG PROJECT,https://itch.io/jam/gdko-2025-round-1/rate/3242717,2025-01-13 18:36:25,web,8,unity,16,3,16,8,3,chatan,https://itch.io/profile/chatan,21 November 2020,9,,3,16
TRACER PROTOTYPE,https://itch.io/jam/gdko-2025-round-1/rate/3243354,2025-01-13 23:55:19,,0,he,6,0,6,3,0,daniel-fevriere,https://itch.io/profile/daniel-fevriere,08 January 2019,1,,2,1
Tethered Heights,https://itch.io/jam/gdko-2025-round-1/rate/3242079,2025-01-13 12:34:36,,0,unity,16,2,6,2,0,vintagesalmon,https://itch.io/profile/vintagesalmon,19 May 2022,1,,2,2
The Amazing Automata Atelier,https://itch.io/jam/gdko-2025-round-1/rate/3243284,2025-01-13 23:48:25,windows,4,godot,5,18,7,4,13,erebus-dev,https://itch.io/profile/erebus-dev,06 January 2023,17,2,52,19
The Devils Deal,https://itch.io/jam/gdko-2025-round-1/rate/3231973,2025-01-09 23:08:28,windows-osx,5,godot,5,6,6,7,7,bigbashersheep,https://itch.io/profile/bigbashersheep,16 December 2023,20,1,2,1
The Great Ascent,https://itch.io/jam/gdko-2025-round-1/rate/3214138,2025-01-01 00:39:26,windows,4,unity,16,0,10,4,0,bonesthecool,https://itch.io/profile/bonesthecool,16 November 2024,14,3,20,5
"The Moon Tower, Pt. 0",https://itch.io/jam/gdko-2025-round-1/rate/3237638,2025-01-13 22:47:51,web,8,rpg maker mv,13,0,16,7,0,brennennenn,https://itch.io/profile/brennennenn,01 August 2018,55,12,30,17
The Obedience Test,https://itch.io/jam/gdko-2025-round-1/rate/3225654,2025-01-13 21:33:14,web,8,construct,0,7,16,10,0,mrmeltdown,https://itch.io/profile/mrmeltdown,19 April 2020,16,2,16,10
The Second Temptation of Jeremiah Whitechapel,https://itch.io/jam/gdko-2025-round-1/rate/3235771,2025-01-12 02:54:39,,0,unreal engine,17,3,7,4,0,papasmokehouse,https://itch.io/profile/papasmokehouse,26 April 2023,0,,4,
The Seeker and the Stone,https://itch.io/jam/gdko-2025-round-1/rate/3220417,2025-01-12 22:21:18,web,8,unity,16,39,51,36,35,pierotechnical,https://itch.io/profile/pierotechnical,28 August 2017,363,2,46,44
The Sushi Horde,https://itch.io/jam/gdko-2025-round-1/rate/3240353,2025-01-13 23:49:58,web,8,unity,16,13,21,14,15,backupmiles,https://itch.io/profile/backupmiles,06 October 2022,31,2,,
Throw A Punch,https://itch.io/jam/gdko-2025-round-1/rate/3226845,2025-01-07 18:10:35,web,8,godot,5,30,45,36,25,tinggame,https://itch.io/profile/tinggame,03 March 2021,217,,24,3
TileStepR,https://itch.io/jam/gdko-2025-round-1/rate/3227487,2025-01-06 22:36:01,web,8,game maker,2,19,26,20,19,goatblob,https://itch.io/profile/goatblob,15 January 2017,64,,2,2
Titso man,https://itch.io/jam/gdko-2025-round-1/rate/3227666,2025-01-06 23:57:29,web,8,godot,5,0,16,3,0,bdz-studio,https://itch.io/profile/bdz-studio,11 February 2024,1,,2,1
Todd and the Cult,https://itch.io/jam/gdko-2025-round-1/rate/3241861,2025-01-13 10:26:47,windows,4,unreal engine,17,6,6,3,5,createdbynathan,https://itch.io/profile/createdbynathan,08 October 2024,9,1,4,
Training Droid,https://itch.io/jam/gdko-2025-round-1/rate/3243300,2025-01-13 23:49:53,web,8,unity,16,52,28,19,26,killacook93,https://itch.io/profile/killacook93,05 July 2023,32,,6,5
Transferable Skills,https://itch.io/jam/gdko-2025-round-1/rate/3231472,2025-01-13 05:57:14,windows-web-osx,13,godot,5,106,35,22,82,p4songer,https://itch.io/profile/p4songer,12 September 2022,127,,5,3
Turbo Ducky,https://itch.io/jam/gdko-2025-round-1/rate/3235932,2025-01-11 04:40:39,web,8,godot,5,17,23,14,17,josepvalls,https://itch.io/profile/josepvalls,24 December 2023,505,9,23,4
Turn based combat Game,https://itch.io/jam/gdko-2025-round-1/rate/3239170,2025-01-12 10:25:35,windows-osx-linux,7,godot,5,0,7,7,0,yaya0605,https://itch.io/profile/yaya0605,10 March 2024,33,4,2,2
ULLDR,https://itch.io/jam/gdko-2025-round-1/rate/3243183,2025-01-13 23:37:04,web,8,unity,16,24,18,14,4,pixelniconi,https://itch.io/profile/pixelniconi,19 November 2024,16,,1,
Unfinished Project,https://itch.io/jam/gdko-2025-round-1/rate/3243061,2025-01-13 22:23:14,windows-web,12,unity,16,0,19,14,0,daistic,https://itch.io/profile/daistic,26 September 2024,0,,,
Unruly Bounce,https://itch.io/jam/gdko-2025-round-1/rate/3224141,2025-01-11 17:57:55,web,8,godot,5,44,51,35,41,mocha4coding,https://itch.io/profile/mocha4coding,16 May 2020,159,3,3,13
Unyielding,https://itch.io/jam/gdko-2025-round-1/rate/3238121,2025-01-13 06:09:01,windows-web,12,unity,16,27,21,14,27,keltfire,https://itch.io/profile/keltfire,13 June 2020,362,,21,3
Up Down And All Around,https://itch.io/jam/gdko-2025-round-1/rate/3243170,2025-01-13 22:44:18,web,8,unity,16,3,14,7,0,moonfall360,https://itch.io/profile/moonfall360,25 February 2021,16,1,2,3
WASH YOUR UNDERWEAR OR DIE,https://itch.io/jam/gdko-2025-round-1/rate/3243197,2025-01-13 22:38:46,windows,4,unity,16,2,8,5,0,hiuaaaaa,https://itch.io/profile/hiuaaaaa,14 December 2024,2,,3,3
Wager of the Arcane,https://itch.io/jam/gdko-2025-round-1/rate/3243198,2025-01-13 22:34:13,windows,4,unreal engine,17,0,5,1,0,sp3ctrestudios,https://itch.io/profile/sp3ctrestudios,30 August 2017,7,1,9,17
Wayward Bones,https://itch.io/jam/gdko-2025-round-1/rate/3240882,2025-01-13 05:55:15,web,8,unity,16,25,18,14,17,googlypoo,https://itch.io/profile/googlypoo,31 July 2016,27,,6,
Weapon Test Chamber,https://itch.io/jam/gdko-2025-round-1/rate/3231049,2025-01-08 21:05:58,windows-web-linux,14,unity,16,0,15,8,0,kebabmanfr,https://itch.io/profile/kebabmanfr,08 December 2023,30,1,,2
What Genre Is This Game,https://itch.io/jam/gdko-2025-round-1/rate/3242636,2025-01-13 17:56:11,,0,unity,16,15,10,10,15,bluesky5114,https://itch.io/profile/bluesky5114,28 December 2024,15,,,
World war 1 but you are a ball,https://itch.io/jam/gdko-2025-round-1/rate/3242207,2025-01-13 14:14:55,web,8,construct,0,0,16,7,0,nikimatke,https://itch.io/profile/nikimatke,29 May 2024,60,4,13,4
Zafina's Journey,https://itch.io/jam/gdko-2025-round-1/rate/3233723,2025-01-13 21:29:28,web,8,gb studio,3,33,18,14,10,m3t4stinger,https://itch.io/profile/m3t4stinger,23 December 2024,26,,,
gravity shift,https://itch.io/jam/gdko-2025-round-1/rate/3235737,2025-01-10 23:59:12,web,8,other,9,0,15,9,1,abdullah2034,https://itch.io/profile/abdullah2034,22 December 2024,4,,1,
interactive,https://itch.io/jam/gdko-2025-round-1/rate/3239472,2025-01-12 12:18:42,windows-web,12,godot,5,0,16,7,0,ik-ben-teun,https://itch.io/profile/ik-ben-teun,14 September 2024,8,1,5,5
lost in the woods,https://itch.io/jam/gdko-2025-round-1/rate/3243358,2025-01-13 23:57:14,,0,game maker,2,3,10,13,0,paperclovers,https://itch.io/profile/paperclovers,07 June 2020,4,,10,3
mAnOLani,https://itch.io/jam/gdko-2025-round-1/rate/3243272,2025-01-13 23:19:57,windows,4,unity,16,2,8,3,2,mrpapalitas,https://itch.io/profile/mrpapalitas,13 November 2024,5,,2,3
neptune-k-blaster-asm,https://itch.io/jam/gdko-2025-round-1/rate/3216867,2025-01-01 16:59:52,,0,microsoft makecode arcade,8,0,7,5,0,purrpgoddpeebles,https://itch.io/profile/purrpgoddpeebles,14 November 2023,89,2,2,254
overspun,https://itch.io/jam/gdko-2025-round-1/rate/3242871,2025-01-13 23:54:56,web,8,gdevelop,4,2,22,20,1,malek-elsady,https://itch.io/profile/malek-elsady,01 July 2020,"1,079",15,54,68
the best platformer since that one game,https://itch.io/jam/gdko-2025-round-1/rate/3231653,2025-01-12 07:17:44,windows-web-linux,14,godot,5,26,25,18,25,cosmicraybitflip,https://itch.io/profile/cosmicraybitflip,10 July 2020,55,,2,1
